"09","A","1119","2","UGRD","COMPSCI","2212B","001","250000014","John","","","SSBA3","fake-pcraig@uwo.ca"
"09","A","1119","2","UGRD","COMPSCI","2212B","001","250000015","Tocheri","Carly","","SBS4","fake-ctocheri@uwo.ca""09","A","1119","2","UGRD","COMPSCI","2212B","001","250000016","Poulter","Susan","","SSBA3","fake-spoulter@uwo.ca"
"09","A","1119","2","UGRD","COMPSCI","2212B","001","250000017","Kitchen","Benjamin","","SBS4","fake-bkitchen@uwo.ca""09","A","1119","2","UGRD","COMPSCI","2212B","001","250000018","Lee","Christine","","SSBA3","fake-clee@uwo.ca"
"09","A","1119","2","UGRD","COMPSCI","2212B","001","250000019","Igorski","Daniel","","SBS4","fake-digorski@uwo.ca""09","A","1119","2","UGRD","COMPSCI","2212B","001","250000020","Harris","Lila","","SSBA3","fake-lharris@uwo.ca"
"09","A","1119","2","UGRD","COMPSCI","2212B","001","250000021","Bhatia","Bruce","","SBS4","fake-bbhatia@uwo.ca""09","A","1119","2","UGRD","COMPSCI","2212B","001","250000022","Leung","Liisa","","SSBA3","fake-lleung@uwo.ca"